words,smiles
f,N[C@H](Cc1ccccc1)C(=O)O
A,N[C@@H](C)C(=O)O
C,N[C@@H](CS)C(=O)O
D,N[C@@H](CC(=O)O)C(=O)O
E,N[C@@H](CCC(=O)O)C(=O)
F,N[C@@H](Cc1ccccc1)C(=O)O
G,NCC(=O)O
H,N[C@@H](CC1=C(NC=N1))C(=O)O
I,N[C@@H]([C@@H](C)CC)C(=O)O
K,N[C@@H](CCCCN)C(=O)O
L,N[C@@H](CC(C)C)C(=O)O
M,N[C@@H](CCSC)C(=O)O
N,N[C@@H](CC(N)=O)C(=O)O
P,N(C1)[C@@H](CC1)C(=O)O
Q,N[C@@H](CCC(N)=O)C(=O)O
R,N[C@@H](CCCNC(N)=N)C(=O)O
S,N[C@@H](CO)C(=O)O
T,N[C@@H](CC1=CC=C(O)C=C1)C(=O)O
V,N[C@@H](C(C)C)C(=O)O
W,N[C@@H](CC1=CNC2=C1C=CC=C2)C(=O)O
Y,N[C@@H](CC1=CC=C(O)C=C1)C(=O)O