model,n_seeds,mse_mean,mse_std,mse_min,mse_max,rmse_mean,rmse_std,rmse_min,rmse_max,mae_mean,mae_std,mae_min,mae_max,mean_error_mean,mean_error_std,mean_error_min,mean_error_max,r2_mean,r2_std,r2_min,r2_max,pearson_mean,pearson_std,pearson_min,pearson_max,spearman_mean,spearman_std,spearman_min,spearman_max,kendall_mean,kendall_std,kendall_min,kendall_max,ordering_acc_mean,ordering_acc_std,ordering_acc_min,ordering_acc_max,delta_pearson_mean,delta_pearson_std,delta_pearson_min,delta_pearson_max,delta_spearman_mean,delta_spearman_std,delta_spearman_min,delta_spearman_max,delta_kendall_mean,delta_kendall_std,delta_kendall_min,delta_kendall_max,delta_rmse_mean,delta_rmse_std,delta_rmse_min,delta_rmse_max,delta_mae_mean,delta_mae_std,delta_mae_min,delta_mae_max,delta_auc_mean,delta_auc_std,delta_auc_min,delta_auc_max,mean_pred_delta_mean,mean_pred_delta_std,mean_pred_delta_min,mean_pred_delta_max,n_correct_mean,n_correct_std,n_correct_min,n_correct_max,n_pairs_mean,n_pairs_std,n_pairs_min,n_pairs_max,tv_ordering_acc_mean,tv_ordering_acc_std,tv_ordering_acc_min,tv_ordering_acc_max,tv_delta_pearson_mean,tv_delta_pearson_std,tv_delta_pearson_min,tv_delta_pearson_max,tv_delta_spearman_mean,tv_delta_spearman_std,tv_delta_spearman_min,tv_delta_spearman_max,tv_delta_kendall_mean,tv_delta_kendall_std,tv_delta_kendall_min,tv_delta_kendall_max,tv_delta_rmse_mean,tv_delta_rmse_std,tv_delta_rmse_min,tv_delta_rmse_max,tv_delta_mae_mean,tv_delta_mae_std,tv_delta_mae_min,tv_delta_mae_max,tv_delta_auc_mean,tv_delta_auc_std,tv_delta_auc_min,tv_delta_auc_max,tv_mean_pred_delta_mean,tv_mean_pred_delta_std,tv_mean_pred_delta_min,tv_mean_pred_delta_max,tv_n_correct_mean,tv_n_correct_std,tv_n_correct_min,tv_n_correct_max,tv_n_pairs_mean,tv_n_pairs_std,tv_n_pairs_min,tv_n_pairs_max,tag_delta_pearson_mean,tag_delta_pearson_std,tag_delta_pearson_min,tag_delta_pearson_max,tag_delta_spearman_mean,tag_delta_spearman_std,tag_delta_spearman_min,tag_delta_spearman_max,tag_delta_kendall_mean,tag_delta_kendall_std,tag_delta_kendall_min,tag_delta_kendall_max,tag_delta_rmse_mean,tag_delta_rmse_std,tag_delta_rmse_min,tag_delta_rmse_max,tag_delta_mae_mean,tag_delta_mae_std,tag_delta_mae_min,tag_delta_mae_max,tag_delta_auc_mean,tag_delta_auc_std,tag_delta_auc_min,tag_delta_auc_max,tag_ordering_acc_mean,tag_ordering_acc_std,tag_ordering_acc_min,tag_ordering_acc_max,sub_delta_pearson_mean,sub_delta_pearson_std,sub_delta_pearson_min,sub_delta_pearson_max,sub_delta_spearman_mean,sub_delta_spearman_std,sub_delta_spearman_min,sub_delta_spearman_max,sub_delta_kendall_mean,sub_delta_kendall_std,sub_delta_kendall_min,sub_delta_kendall_max,sub_delta_rmse_mean,sub_delta_rmse_std,sub_delta_rmse_min,sub_delta_rmse_max,sub_delta_mae_mean,sub_delta_mae_std,sub_delta_mae_min,sub_delta_mae_max,sub_delta_auc_mean,sub_delta_auc_std,sub_delta_auc_min,sub_delta_auc_max,sub_ordering_acc_mean,sub_ordering_acc_std,sub_ordering_acc_min,sub_ordering_acc_max
GIN,10,44.291527557373044,4.082597922846663,40.71178436279297,53.662200927734375,6.649108884718015,0.29977509446807354,6.380578685573353,7.325448855035053,4.4736278533935545,0.17724902863944755,4.289210319519043,4.789096832275391,-1.7976509571075439,0.6343162242762372,-3.0789339542388916,-1.0987504720687866,0.5840195059776306,0.03834324685286711,0.49601131677627563,0.6176400184631348,0.7878800690174103,0.013899420074195942,0.7705849409103394,0.8077097535133362,0.8382917939869708,0.014725550123541818,0.8189830644873638,0.8625900446027222,0.6608805995082231,0.015528334750775936,0.6384591463784016,0.6846878088253588,0.6654981549815498,0.03516899642501198,0.6162361623616236,0.7029520295202952,0.10708212558866756,0.14485346416828437,-0.1411326790078508,0.31832989640107207,0.13594870600385592,0.15622252608486253,-0.16902408451786438,0.3978763888699946,0.10317442926671261,0.10813496503526089,-0.11108989093587794,0.29096725348029817,7.237955203612147,0.4296376627936939,6.688766391741601,8.245938166407038,5.207909808767883,0.3911087233730535,4.6359595028271166,6.11916739488653,0.5389640138919678,0.09538061343422538,0.33826941550284495,0.67924333111653,2.241594064235687,0.37578962320017406,1.4741854667663574,2.6442618370056152,360.7,19.06159606235649,334.0,381.0,542.0,0.0,542.0,542.0,0.742067394171963,0.018474920387462353,0.7047607626813767,0.7646000719510733,0.3450754588736437,0.02371091572181702,0.30922540165109763,0.379748758929042,0.4616711896241349,0.01857754249707255,0.4244899588592732,0.48414551926265886,0.3363300012566227,0.01337009470402512,0.3091832243934334,0.35191455763741114,7.701957416149358,0.07304383381043433,7.595912716823071,7.813490885450711,4.371818628092862,0.05886657325045191,4.307616801831008,4.47479873360635,0.7617839935409181,0.014808287717401279,0.731585122631389,0.7759623682301092,1.3315685391426086,0.05613046816334451,1.243091106414795,1.4104021787643433,6188.1,154.06236111104852,5877.0,6376.0,8339.0,0.0,8339.0,8339.0,0.43563614466434936,0.03388461815995993,0.3639832540489134,0.4743686598973527,0.4730062214117828,0.036969584481616205,0.3961185389956268,0.5157141609482422,0.34807495776276526,0.030601538455953706,0.2861561097181978,0.3871181373996394,6.190136187028264,0.21023700122396738,5.9356852660514425,6.545892443169991,4.0129374925938865,0.19222691233356815,3.7043368104899903,4.427745302291161,0.6012103833922893,0.04372567832365024,0.5296208954157288,0.655482902776289,0.9453195610071013,0.005047172521923841,0.9354422207876049,0.9509360877985797,0.42669570008584523,0.016077799210085033,0.40625643430171743,0.4475787399623192,0.46438684092954147,0.01918657548084612,0.4336475176727747,0.4957419624123713,0.33750466104656796,0.01505141279555575,0.3154975317226568,0.3630948834310949,7.537313801191884,0.1335692893890393,7.365674078921558,7.727609308126286,5.0531477449707936,0.11417897896681495,4.857358751155866,5.218810543163922,0.7630243648058974,0.015604557670846774,0.7325266916781104,0.7844219786009106,0.7222702391241717,0.013255274295412449,0.6921636416018438,0.7425813886488044
Pretrained GIN,10,57.51854820251465,2.8588021873010336,52.31365203857422,61.61002731323242,7.58198107356399,0.18888915806797768,7.232817710863051,7.849205521148775,5.234175300598144,0.15009404467772494,4.95015811920166,5.492138385772705,-2.6191246509552,0.23561082574755765,-2.974958658218384,-2.2405431270599365,0.45979298949241637,0.02684951746259979,0.42136627435684204,0.5086767077445984,0.7249847233295441,0.015210015453054422,0.7096030712127686,0.7561247944831848,0.7780057386927226,0.01578704121984318,0.7529224656026892,0.8145639903938028,0.5912001802475775,0.0155921484600424,0.5674371832237307,0.627621207939852,0.6461254612546126,0.013327340782860062,0.6217712177121771,0.6642066420664207,0.08711781339983059,0.04070412655043061,0.03900619238054888,0.14124457150626935,0.1337190070872329,0.061066458418133775,0.05387937734730132,0.22780548564056324,0.09490420227677324,0.04474906472292249,0.036402452749111594,0.1647693556418004,7.138014917528257,0.06053541545848108,7.054190124719249,7.228210056067852,5.119401875088405,0.07791555861681769,4.997264657096101,5.203429290606263,0.5799408852434789,0.042504723236655405,0.5359491613093919,0.6429173132343161,1.7626394629478455,0.2726995067956614,1.2956676483154297,2.2807343006134033,350.2,7.223418704310153,337.0,360.0,542.0,0.0,542.0,542.0,0.7340208658112484,0.008936406120533962,0.7119558700083943,0.7446936083463245,0.3733583271822265,0.013346956763936164,0.3500835867528378,0.387025638748833,0.4723924581571371,0.007651392090087222,0.4554185956064526,0.48304199074045007,0.3404890999186513,0.0063754962795994335,0.32639715035039524,0.3486446804507605,7.611801841069801,0.04425964524206099,7.563570961791292,7.688475747402719,4.3472779296391995,0.03382759394069644,4.31311880971763,4.426394167698988,0.7642749924132014,0.00548390256586961,0.7512182275490082,0.7695025370504275,1.6484922885894775,0.10371835634328988,1.534210205078125,1.7944852113723755,6121.0,74.52069063913278,5937.0,6210.0,8339.0,0.0,8339.0,8339.0,0.4283483920393379,0.011256824345100544,0.41024528368625646,0.4443843260576617,0.4681896378657805,0.010911759651455383,0.4534553393028696,0.4877832369648254,0.344980619630848,0.007633647458540754,0.33076937192120287,0.3572514066756414,6.197301874003553,0.06819268454218573,6.0742679701971936,6.280402607456967,4.040885632878103,0.0741166389468156,3.913429741643302,4.145408941193758,0.6059286454425268,0.018265809990374617,0.5680941151248794,0.6293904312716618,0.9470626210458359,0.001054224119984149,0.9457714654615881,0.9483537766300839,0.4449980135708163,0.007504458219723058,0.4378706340709369,0.4640239994056029,0.4854169675459866,0.010123091279131706,0.47200346524808856,0.5055829318615161,0.3493360602942605,0.007740728258627334,0.34055965224611395,0.3642534661618842,7.485182873255205,0.0528577447176423,7.3509469418368045,7.538781310204351,5.106990335850403,0.051492805335370526,4.986771973694768,5.170197513825773,0.7723496820812901,0.006206595343012233,0.7597030944813326,0.7777166741512844,0.714289830020167,0.007254907386730315,0.7033995966580237,0.723278594065111
ESM3-small,10,63.96495094299316,8.535436964618372,49.2558479309082,77.8143539428711,7.9814535101032025,0.5388782681072428,7.018251059267416,8.821244466789881,5.622416925430298,0.43890724539077813,4.818031311035156,6.314300537109375,-3.996338391304016,1.0706491028357783,-5.359467029571533,-2.1697628498077393,0.3992491602897644,0.08016377438675869,0.26917725801467896,0.5373952388763428,0.7873171091079711,0.007662978849391545,0.7730957269668579,0.7981595993041992,0.8262633788714394,0.006876277622890349,0.8166184293081149,0.8370602600925248,0.6381405633909903,0.009367533060113977,0.6249056654573357,0.6544174682129947,0.600369003690037,0.039906270059334656,0.5350553505535055,0.6457564575645757,0.06096223153942983,0.0695603226738807,-0.04045129958874644,0.152335462357178,0.06347831263368679,0.08370715923429127,-0.07048614628921528,0.17112352524858976,0.042331834753488215,0.055468404642338286,-0.042438979473067635,0.1156325241625799,7.319333139135528,0.07831234985505364,7.207333795358693,7.408624775169574,5.511641515900039,0.08608884262308544,5.3757945894168335,5.6101170468951125,0.5150011084016847,0.047692952523952795,0.435956550653957,0.5752604743959211,0.3307089926674962,0.2797411266901082,0.028131363913416862,0.890285074710846,325.4,21.629198372159387,290.0,350.0,542.0,0.0,542.0,542.0,0.5949154574889076,0.039014453765606166,0.4993404484950234,0.628972298836791,0.05592130039849634,0.037699503925240796,-0.007854324783163943,0.10784663696910987,0.13426227755855263,0.06606519420444781,-0.009047743448618062,0.20229034963750805,0.09099695182241509,0.04452714291423023,-0.005811230742959028,0.13797397865410493,8.298411632680502,0.05283858358837149,8.207234112635852,8.375940770171983,5.174911472221033,0.07933536451284794,5.018709062456534,5.269414233579197,0.5512130947519335,0.030775549520821545,0.4794601321539139,0.5874978613345523,0.2278125500306487,0.21281578047911107,0.023244792595505714,0.6775358319282532,4961.0,325.3415299513899,4164.0,5245.0,8339.0,0.0,8339.0,8339.0,0.425273073579311,0.018944221629531237,0.38690538538757663,0.4521649605187731,0.48045783834529854,0.01808352595292398,0.4508789108187311,0.508441706940615,0.3463059323561627,0.014601234573607538,0.32070036015567266,0.3644094798177703,6.471709651494701,0.24925995462550377,6.141313766718,6.8899440271879255,4.50774513433168,0.30063672275301484,4.0729443745237335,4.9577773056490475,0.6532975131310967,0.015045745804106515,0.630408761210562,0.6751348840533105,0.948999354422208,0.004060245806781399,0.9393156875403487,0.9509360877985797,0.4351053932368993,0.011490554627617307,0.4106519030773795,0.4503424779997387,0.4744755932004347,0.012881194504999482,0.4468094821956962,0.4893132805138592,0.3388978096847815,0.010022322810045331,0.31652579160388794,0.35069820812393754,7.477576070558031,0.053471458119334285,7.392075715051095,7.547241578279617,5.224055199762345,0.0744827638098208,5.093383726595317,5.314560823159137,0.7659866778414823,0.006955376629725883,0.7528701872132108,0.7766005299459882,0.7191299337366753,0.007687744433374932,0.7100259291270528,0.7297608758282915
ESMC-300M,10,63.22144241333008,3.6217776910662947,58.211585998535156,70.27413177490234,7.948276618370791,0.22691459771430872,7.6296517612886605,8.382966764511377,5.467985773086548,0.1947915821091173,5.197874069213867,5.830781936645508,-4.088046622276306,0.30135099556960304,-4.397406578063965,-3.383585214614868,0.4062321186065674,0.03401528381069252,0.3399941325187683,0.4532840847969055,0.7703696608543396,0.017146840369392537,0.7331996560096741,0.7942235469818115,0.8278606451048158,0.017420385833467642,0.7905483359794782,0.8482457641928887,0.6444912435726745,0.019372484824771042,0.6021006010756089,0.6665617532830306,0.5999999999999999,0.026176441967039,0.5645756457564576,0.6420664206642066,0.0864054690423217,0.04476831935682429,-0.013072384988855969,0.13423383391448046,0.12486005103621448,0.05855739759346545,0.0059096890026303665,0.18911867767792778,0.08670225655999715,0.03961084427583207,0.008805614858366699,0.1321933552052711,7.212588124995127,0.06871627500345327,7.130502293368189,7.342791952701446,5.327408270801575,0.0952142345336984,5.188433955908197,5.498715440565601,0.5468018916722086,0.0474007275278307,0.4522574447646494,0.6105076479716248,0.9532337009906768,0.27203924415981195,0.5783551931381226,1.4897655248641968,325.2,14.187631546135137,306.0,348.0,542.0,0.0,542.0,542.0,0.7074109605468282,0.006712446776319665,0.6948075308790023,0.7190310588799617,0.3981856962198179,0.03348568785978111,0.35540050929275185,0.45131886647373487,0.4359015103807695,0.016592724225614964,0.41206338630769895,0.45749162432949786,0.31020686595439295,0.013106157465340468,0.29173600247085696,0.32736109181105477,7.543034983997076,0.12663925771164575,7.345831983646911,7.71552613912654,4.433690370985894,0.06609983499026754,4.342402415267447,4.539383037579045,0.7423773373896168,0.007803694376432732,0.7285563664792134,0.7516488330067576,1.2705916881561279,0.12786783408345415,1.007228136062622,1.3976613283157349,5899.1,55.97509366772967,5794.0,5996.0,8339.0,0.0,8339.0,8339.0,0.39103966761118886,0.02345280611906795,0.3643271793746943,0.42592494332628994,0.440465788493605,0.025403775475138078,0.3980374951710813,0.46974316206553246,0.3179135326116875,0.020445233380213996,0.28882182887017216,0.3433906679811765,6.427108404151293,0.1577525658126246,6.235827274789874,6.758846429544982,4.378068324047801,0.187147681979353,4.146302810743138,4.765476516217814,0.6176939293243292,0.024506950490503682,0.581046557330189,0.6511862650516311,0.9428663653970304,0.004485617298402357,0.9360877985797289,0.9496449322143318,0.3956979109669431,0.018185055094875353,0.3647220968110356,0.41598590491269527,0.45386992597165143,0.016925452766003938,0.4149251231601243,0.47227115982920165,0.32316100816818116,0.012784896013245828,0.29346520279647353,0.3361682538913675,7.529922919595637,0.06985127624909553,7.433318907951941,7.654178257802197,5.20794335292008,0.07395562858265639,5.100333199610076,5.335943153921049,0.757361289925686,0.009807596977501332,0.7361560626280352,0.7729133296016312,0.7255257850763469,0.008469288625544887,0.7114664361855373,0.7358110054739269
ESMC-600M,10,72.30200805664063,3.359688673284425,67.16315460205078,77.46016693115234,8.500988564414317,0.19776946269614262,8.195312965473056,8.801145773770159,6.023083925247192,0.19768311923850612,5.6900434494018555,6.250690460205078,-4.941851186752319,0.3661797678666106,-5.389535427093506,-4.245781421661377,0.32094855308532716,0.03155379093740267,0.27250373363494873,0.3692120313644409,0.7621390163898468,0.011535781963696002,0.7448625564575195,0.785118818283081,0.8260630228805864,0.008807523621488718,0.8087502649508608,0.8385545863477285,0.6416256043394861,0.009785038828727898,0.621510698331811,0.6549047904312532,0.5632841328413283,0.023708467143028808,0.5350553505535055,0.6162361623616236,-0.028935912151891514,0.04137751963534269,-0.08025334325574827,0.05617050985557258,-0.02894680029272682,0.037980545267758556,-0.09082180148912118,0.03788907927171203,-0.02048686884396412,0.025114854160460744,-0.06105271773604982,0.024766218087319505,7.341629420217418,0.06015035246210051,7.2675926886586515,7.457527851048928,5.490709473295729,0.05017977369751377,5.44210807513542,5.605927292004629,0.4512465824281387,0.02321828504923867,0.4101677381216286,0.4870464789773148,1.0937007784843444,0.12575461173036828,0.9195353984832764,1.3629164695739746,305.3,12.849989191521612,290.0,334.0,542.0,0.0,542.0,542.0,0.7019067034416595,0.007490569158853755,0.689411200383739,0.7117160330974936,0.4100149953974223,0.02842218882544893,0.3598551293511509,0.46716637713008896,0.4415290803967369,0.013612657124295406,0.421543368750712,0.468531432912847,0.3150820333788153,0.010970719348887952,0.29717316833501733,0.3356482819489208,7.52688877585264,0.09474425015332742,7.32371614637614,7.684248533204064,4.427589537563993,0.041215092095359736,4.354444357418407,4.493568149111845,0.7353852282845842,0.007883261548321845,0.722884500826118,0.7481306815130637,1.328234028816223,0.06833215444971964,1.2401565313339233,1.465120553970337,5853.2,62.4638562156815,5749.0,5935.0,8339.0,0.0,8339.0,8339.0,0.41035724748947305,0.021263671388276766,0.3727249266646695,0.4443134735735541,0.4666419972456076,0.01797645123640259,0.44091461212624,0.4928558091750181,0.33860741597320204,0.01346015540549633,0.3141778558476504,0.35619546160480303,6.643783260310426,0.17083681293643654,6.407482285406411,6.932266433022545,4.618511785314399,0.20808279175345878,4.356375302979378,4.937656453586314,0.6200137563868939,0.012569917136005384,0.6017436667023975,0.6433790688533962,0.9227888960619757,0.00960540307533025,0.9063912201420271,0.9373789541639768,0.3667322263559706,0.01600567218413359,0.3410702580121117,0.3863980621964278,0.4034779031177087,0.012339137934315242,0.383632868753106,0.4210894028209411,0.28632549225113413,0.009007637317344473,0.2729241469976365,0.29948933279545953,7.67223795483558,0.060631378736947,7.5827224043609105,7.76939621817409,5.341178721316318,0.04801861457170753,5.269069338391523,5.407529751913259,0.7227312177367089,0.0071770812098270065,0.7118305936311852,0.7344381514626548,0.6874243733794295,0.003875085961424894,0.6791990780754825,0.6938922500720254
Transformer,10,51.80698356628418,5.669866187940622,42.903541564941406,60.06572723388672,7.187950686203223,0.3948959061080552,6.55007950829159,7.7502082058410995,5.105218315124512,0.3199031628487893,4.544961452484131,5.643229961395264,-1.617294466495514,0.901303927553443,-2.8191170692443848,-0.22153756022453308,0.5134352803230285,0.05325069128106692,0.4358701705932617,0.5970553159713745,0.7423583269119263,0.033328578566510995,0.6853431463241577,0.7942690849304199,0.7940993125445993,0.02812813032400325,0.7435658754578197,0.8444036335893109,0.6054726721221159,0.030702084519714564,0.5546752643588415,0.6620681578008575,0.602029520295203,0.06222847274173741,0.46863468634686345,0.6678966789667896,0.0995076967084991,0.10592454433285471,-0.11833922818243084,0.21870525677787372,0.09857912016623768,0.12703681409977638,-0.14017396093141657,0.28309992794477634,0.06545821919522071,0.08491352724322579,-0.10051121850130582,0.18362196560967456,7.3604020325439095,0.45154112703544186,6.969284962677618,8.566511380280607,5.406354789064876,0.4283735538902331,5.05744591343879,6.5365932300412215,0.5557053129387424,0.09011932577664401,0.40365033621517776,0.7087120372422966,1.7145192995667458,1.0687478410461526,-0.13473115861415863,3.7277615070343018,326.3,33.72783222602168,254.0,362.0,542.0,0.0,542.0,542.0,0.7851660870607986,0.01077165481826107,0.762441539752968,0.8005756085861614,0.4644435340560504,0.061870049504673875,0.3566366885103479,0.5713635420916308,0.5481716087003159,0.023162875757440398,0.5048465921000764,0.5812425044553508,0.39994067204630085,0.018791023651305392,0.36473579623445224,0.42922877148199373,7.274106915581909,0.26555584391550563,6.768950435165416,7.668074986395625,4.060733456088515,0.113185538486995,3.8464600256054,4.271342115300954,0.8226154411020902,0.011943229641099465,0.7968754566128784,0.8367104577930471,1.3946556210517884,0.10190484940702518,1.2030240297317505,1.5350220203399658,6547.5,89.8248295294792,6358.0,6676.0,8339.0,0.0,8339.0,8339.0,0.32019128915267253,0.04770343844009504,0.2573821729000423,0.4043690756369366,0.3657223868916205,0.06457890575817025,0.2703776848020914,0.4703790957423022,0.2530072033344018,0.04790850777958638,0.1848404321868072,0.33100291427494277,7.329399612814828,0.5134416014262557,6.699799104810041,8.284123278132743,5.289756455369077,0.49322254768478624,4.579820105533032,6.20887937902996,0.6327000035730876,0.05455175670279024,0.4905402508307428,0.7041751527494908,0.9270497094899935,0.013942753348762714,0.907682375726275,0.9464170432537121,0.3903992835248973,0.026585495747921323,0.3474037617006987,0.42556452141208184,0.4452474749234012,0.03225436781469992,0.39677197505552025,0.48476947705988743,0.3149039731317005,0.025921660392500927,0.27796948797845905,0.3509796662286344,7.636100681032469,0.1033935243143382,7.455720749466555,7.849416730748989,5.324580430001223,0.12987024617407414,5.086639589703961,5.5401588467442435,0.7488544338220977,0.019620943822349534,0.7078540157349448,0.7705547296189892,0.7148948429847306,0.015307800390902243,0.6825122443099971,0.7336502448861999
DeepLC,10,44.84133338928223,3.5065863326322124,39.611026763916016,49.87873840332031,6.691727106182816,0.2627244556996129,6.2937291619449285,7.062488117039229,4.6437102317810055,0.21400141714370435,4.299647808074951,4.918116569519043,-2.4771384477615355,0.5916158608779419,-3.3515939712524414,-1.718413233757019,0.5788558006286622,0.03293341701162718,0.5315451622009277,0.6279782056808472,0.8036084473133087,0.01332191424448238,0.7748136520385742,0.8165213465690613,0.849371455913379,0.00799472085702275,0.8348505044558316,0.8598753812185305,0.6713398448210982,0.01052322467837965,0.65309604420901,0.6871594212926784,0.6236162361623616,0.08305543638691237,0.3892988929889299,0.6771217712177122,0.008716314238265894,0.10702320217756625,-0.2129666051881042,0.22838047492987035,0.026474606327542227,0.12781740311962825,-0.28106326845072144,0.23291616470254223,0.029022378948373583,0.0901953986397965,-0.19375763073712066,0.1592990976120482,7.243393568175873,0.23085190084658674,6.865756355408334,7.7307419250499025,5.330659960580403,0.26887901365601824,4.950093629094964,5.967476943807259,0.47135446685878957,0.07645192037690679,0.2863814379664524,0.585176974802335,1.8195511132478714,0.6396795240726817,0.260357528924942,2.5614049434661865,338.0,45.01604652170651,211.0,367.0,542.0,0.0,542.0,542.0,0.7820961746012711,0.020850218320167965,0.7467322220889795,0.8034536515169685,0.38091986213358614,0.018083174401471995,0.3568395837068928,0.4147739209848329,0.5132893932051459,0.019718185782185062,0.4786538378441151,0.5371353620645732,0.3766053439493428,0.018403046027499266,0.345857810337469,0.3979385126911663,7.6517471062615,0.06933028006733924,7.517229951465299,7.749152922384125,4.2820286523978,0.10681234379436497,4.130390108834394,4.428327908953795,0.8059912636296993,0.013195192694609396,0.7783896754598598,0.820811088090537,1.3661380052566527,0.0498091574601731,1.2904787063598633,1.4685431718826294,6521.9,173.8699705718807,6227.0,6700.0,8339.0,0.0,8339.0,8339.0,0.266618009238518,0.10242687445803636,0.0651187129122831,0.3693584727250381,0.2653059082412458,0.1222221423086768,0.05946721347864402,0.4144873855649193,0.1879655989997501,0.08524158604892783,0.04733569878374479,0.29309398578394336,6.631896588046591,0.4115972008995285,6.149619417285641,7.579987976207082,4.631567461579805,0.3235854639002196,4.1886979461373794,5.280024837258587,0.5425751241647908,0.053399724821613107,0.43759602672669456,0.5989655911673276,0.9314396384764365,0.014383496389034111,0.907682375726275,0.9502905100064558,0.41775322225046985,0.017540587585170866,0.38648538127260573,0.44491769031040884,0.4680554312166786,0.012431921051105082,0.4472895242625581,0.4876437435141175,0.3367487181974298,0.010128089019487021,0.31760849155859006,0.3506399029113547,7.452663315558444,0.06850300917393502,7.368986262566633,7.579919165398377,5.093021616000467,0.0777209593545666,4.980327684544754,5.203481073953564,0.7683181754835281,0.005109748909878846,0.7583103468407857,0.7759507562876553,0.7415298184961107,0.007513701632771857,0.7300489772399885,0.7555459521751656
DeepRT-CapsNet,10,51.045470809936525,4.006277182059822,44.07182312011719,55.735267639160156,7.139556166438226,0.2832520593441566,6.638661244567099,7.465605644497984,5.102629375457764,0.20687527349589735,4.774148464202881,5.373251914978027,-2.027779406309128,0.80685367029869,-3.0376715660095215,-0.580352246761322,0.5205873012542724,0.037626455203919114,0.47654128074645996,0.586082935333252,0.7665874660015106,0.02205937973776327,0.7199573516845703,0.7950493693351746,0.8035020567634383,0.020472753777424302,0.7635381259853793,0.8322582518424673,0.6131909535458984,0.02265473746293515,0.5711494091485422,0.6479830174915103,0.43376383763837645,0.0633811505536401,0.3837638376383764,0.5867158671586716,-0.07071792484036281,0.06500842168502498,-0.13218933693426183,0.06625174740898382,-0.06839338955930187,0.05249962688596817,-0.11677728531101236,0.04429547864682392,-0.04692078871415753,0.037920961133797976,-0.07644037623370689,0.03988104576055003,7.894299872728929,0.3855443670337036,7.288146813094889,8.454835318396027,6.016654132777364,0.3830617093656186,5.4572480797850655,6.538004664396922,0.4408689869208601,0.02528381838993351,0.41115791029335697,0.4869873642207936,-0.05413453131914139,0.534477806334875,-0.8407728672027588,0.8344071507453918,235.1,34.35258360007293,208.0,318.0,542.0,0.0,542.0,542.0,0.7988128072910421,0.006506870130422483,0.79182156133829,0.8153255786065475,0.5106595758717416,0.04458085388881297,0.45865603912199726,0.6197902435591315,0.5847771971135576,0.017220143273424575,0.5679718763461902,0.6290501463594499,0.42972737629355706,0.015128004110175694,0.4164935617602381,0.46836827403059966,7.194695316062654,0.1804509162302875,6.7522021402776815,7.429019675485884,3.9945176076580204,0.0835700324805697,3.7911265367821114,4.107784488502899,0.8367440051802536,0.00935673071316629,0.8233298740029448,0.8576323818301481,1.3855257868766784,0.13280089532665382,1.1044424772262573,1.5812499523162842,6661.3,54.260790017593116,6603.0,6799.0,8339.0,0.0,8339.0,8339.0,0.317333965167626,0.0495058319820476,0.23454138261354232,0.3719877337287399,0.3231169327632558,0.07331774714252942,0.1840158895308203,0.40450466716097994,0.22161119087216394,0.05186959172268414,0.12509451171070515,0.2806261604135702,7.2280828940930775,0.39812520966659,6.461207255223387,8.016171381487704,5.4558655584889335,0.43698190863193614,4.696795862197219,6.367395529321171,0.5919015971701147,0.026798327595995267,0.544806517311609,0.6386179297530996,0.9131052291801163,0.014235929618109301,0.89541639767592,0.9425435765009683,0.42861921053428365,0.015091984957155576,0.41199915840088713,0.4653353342228713,0.47143432006031194,0.020306095827995533,0.4367843318869081,0.50842907186045,0.3334571477719869,0.01623208719397207,0.30648627141190454,0.36370847295749437,7.495317084081931,0.09129925880335993,7.286930796470337,7.59084724958244,5.1988083945417465,0.11859951955184503,4.98281857226898,5.3475081378875196,0.7639141350627181,0.010100382780814808,0.7530012487275458,0.7824259421741104,0.7258138864880438,0.01758234446931739,0.7013828867761452,0.7581388648804379
Morgan FP MLP,10,88.07991485595703,3.3896741541634863,83.07026672363281,93.73696899414062,9.383522594223876,0.18079632385355074,9.11428915075843,9.68178542388441,6.865513277053833,0.154503678634147,6.634397983551025,7.061801433563232,-1.7450340569019318,0.4085573589910947,-2.2611258029937744,-0.9609692692756653,0.17276442646980286,0.031835401181794044,0.11963403224945068,0.21981441974639893,0.5062813431024551,0.02137918876658838,0.47844019532203674,0.5398579835891724,0.5336965719491606,0.02588661338381187,0.5058308192133699,0.5792355027841192,0.37687371987327356,0.01867323328963904,0.35703152537758315,0.40876196198474096,0.6186346863468636,0.022995802847173882,0.5867158671586716,0.6586715867158671,-0.03833453745314948,0.050329246134169676,-0.10143978911125756,0.04071352891939272,-0.02772178234951128,0.04238362145630566,-0.08910334413338925,0.04545056296040437,-0.023216539004576736,0.029120684524612396,-0.06429940454672568,0.024479745721671633,7.78850302935539,0.18582153138142746,7.472446948104718,8.107057064140802,5.639258168597837,0.12343720730169533,5.401596967842635,5.836764265529486,0.5242651296829972,0.02415537665244793,0.4945244956772334,0.5668070642134042,1.1781192600727082,0.2916598037628142,0.732161283493042,1.6560146808624268,335.3,12.46372514316825,318.0,357.0,542.0,0.0,542.0,542.0,0.710193068713275,0.00493629512890379,0.701642882839669,0.7160330974937043,0.3464054665495112,0.009219553755270025,0.3311016491625451,0.36084620298804887,0.40954515312434003,0.008999088041372401,0.3926345061350489,0.4232192032395321,0.28598060700042555,0.006646211947767789,0.27410771285194857,0.29611518393095554,7.704026527121743,0.027547450185165703,7.658559213361793,7.744773769934371,4.465193347575659,0.020376504621134755,4.427924114954942,4.492932436779061,0.7240517375954283,0.00852575411336117,0.7111157839129896,0.7338357167745053,1.5155594229698182,0.1346498977894702,1.2671935558319092,1.68708336353302,5922.3,41.16376507992867,5851.0,5971.0,8339.0,0.0,8339.0,8339.0,0.31990079222093304,0.025000280426932642,0.2861633595222961,0.3472593172860317,0.35213446279186117,0.025170991994575027,0.30495087318288167,0.37989726634270277,0.25186220411228405,0.019420745510919227,0.2183758510375375,0.27309998000165864,7.679177381480628,0.18641882112990296,7.376378064197318,8.015150479359592,5.608739475314932,0.18807463885039705,5.372249210681815,6.049787449421207,0.6290804659306105,0.01675940510167754,0.5965537571015114,0.6545717654625361,0.8175597159457715,0.013346105405338008,0.7914783731439639,0.8379599741768883,0.3083835201890845,0.01608995554356516,0.28392593962256263,0.3420236822256851,0.3341562229975084,0.023646281769126153,0.2983420860323105,0.38534093478373993,0.23115776064406401,0.01702573312788485,0.20565567520383435,0.2673846331709329,8.619083765267565,0.13632529620406664,8.390366218335465,8.862058254683784,6.342177446914732,0.11145635519155396,6.154887648103264,6.530571109650879,0.6762904786161749,0.012737656270541926,0.6591014381995155,0.7013667013550802,0.6311293575338519,0.012135658086274415,0.6135119562085855,0.6529818496110631
